{"cameraMode":{"drawMode":0,"name":"Shaded","section":"Shading Mode"},"sceneLighting":true,"audioPlay":false,"sceneViewState":{"m_AlwaysRefresh":false,"showFog":true,"showSkybox":true,"showFlares":true,"showImageEffects":true,"showParticleSystems":true,"showVisualEffectGraphs":true,"m_FxEnabled":false},"in2DMode":false,"pivot":{"x":-41.204586029052737,"y":0.24385452270507813,"z":3.92283296585083},"rotation":{"x":0.022187894210219384,"y":-0.6725980043411255,"z":0.02018827199935913,"w":0.7395435571670532},"size":21.74580192565918,"orthographic":false}