{"cameraMode":{"drawMode":0,"name":"Shaded","section":"Shading Mode"},"sceneLighting":false,"audioPlay":false,"sceneViewState":{"m_AlwaysRefresh":false,"showFog":true,"showSkybox":true,"showFlares":true,"showImageEffects":true,"showParticleSystems":true,"showVisualEffectGraphs":true,"m_FxEnabled":true},"in2DMode":false,"pivot":{"x":3.1199727058410646,"y":1.4653559923171998,"z":4.954267978668213},"rotation":{"x":-0.061215780675411227,"y":0.23759561777114869,"z":-0.014757447876036168,"w":-0.9695897698402405},"size":16.558897018432618,"orthographic":false}