{"cameraMode":{"drawMode":0,"name":"Shaded","section":"Shading Mode"},"sceneLighting":false,"audioPlay":false,"sceneViewState":{"m_AlwaysRefresh":false,"showFog":true,"showSkybox":true,"showFlares":true,"showImageEffects":true,"showParticleSystems":true,"showVisualEffectGraphs":true,"m_FxEnabled":true},"in2DMode":false,"pivot":{"x":4.599246978759766,"y":4.16691780090332,"z":-0.21888267993927003},"rotation":{"x":-0.006167377345263958,"y":-0.5813842415809631,"z":0.004267324693500996,"w":-0.8136721849441528},"size":5.7437944412231449,"orthographic":false}