{"cameraMode":{"drawMode":0,"name":"Shaded","section":"Shading Mode"},"sceneLighting":false,"audioPlay":false,"sceneViewState":{"m_AlwaysRefresh":false,"showFog":true,"showSkybox":true,"showFlares":true,"showImageEffects":true,"showParticleSystems":true,"showVisualEffectGraphs":true,"m_FxEnabled":true},"in2DMode":false,"pivot":{"x":1.0345029830932618,"y":0.8100004196166992,"z":-0.8145051002502441},"rotation":{"x":-0.09575390815734863,"y":-0.7736672759056091,"z":0.12047204375267029,"w":-0.6146851778030396},"size":9.164216041564942,"orthographic":false}